{
  "total_records": 8378,
  "clean_records": 3587,
  "unique_participants": 267,
  "total_pairs": 100,
  "matched_pairs": 50,
  "unmatched_pairs": 50,
  "age_distribution": {
    "count": 3587.0,
    "mean": 26.580150543629774,
    "std": 3.4574017820814844,
    "min": 20.0,
    "25%": 24.0,
    "50%": 26.0,
    "75%": 29.0,
    "max": 55.0
  },
  "gender_distribution": {
    "1": 1843,
    "0": 1744
  }
}